Player,Goals Per Game,Assists Per Game,Shot Conversion Rate,Tackles Per Game,Interceptions Per Game
Bernd Leno,,0.0,0.0,,
Matt Macey,,0.0,0.0,,
RÃºnar Alex RÃºnarsson,,0.0,0.0,,
HÃ©ctor BellerÃ­n,,0.21428571428571427,0.0,0.22291666666666665,0.325
Kieran Tierney,,0.011904761904761904,0.0,0.21875,0.1875
William Saliba,,0.0,0.0,,
Sokratis,,0.023809523809523808,0.0,0.2537878787878788,0.24431818181818182
Rob Holding,,0.0,0.0,0.2032520325203252,0.32926829268292684
Shkodran Mustafi,,0.047619047619047616,0.0,0.33164983164983164,0.49242424242424243
Calum Chambers,,0.03571428571428571,0.0,0.3081534772182254,0.4442446043165468
David Luiz,,0.08333333333333333,0.0,0.20618556701030927,0.44329896907216493
Sead Kolasinac,,0.13095238095238093,0.0,0.2393162393162393,0.23076923076923078
Gabriel MagalhÃ£es,,0.0,0.0,0.16666666666666666,0.25
Mesut Ãzil,0.0031578947368421048,0.6428571428571428,5.9866962305986706e-05,0.14583333333333331,0.10190217391304347
Lucas Torreira,0.0008771929824561404,0.03571428571428571,7.41106719367589e-05,0.25396825396825395,0.2976190476190476
Ainsley Maitland-Niles,0.0003508771929824561,0.03571428571428571,9.740259740259742e-05,0.3117283950617284,0.28703703703703703
Mohamed Elneny,0.8245614035087718,0.03571428571428571,0.0728305785123967,0.2021276595744681,0.21808510638297873
Joseph Willock,0.0005263157894736842,0.011904761904761904,0.00011363636363636365,0.1515151515151515,0.045454545454545456
Matteo Guendouzi,1.0,0.011904761904761904,0.14393939393939395,0.2192982456140351,0.25877192982456143
Emile Smith Rowe,0.03508771929824561,0.0,0.0,0.08333333333333333,0.125
Granit Xhaka,0.0010526315789473684,0.15476190476190477,2.8409090909090912e-05,0.3207070707070707,0.2518939393939394
Bukayo Saka,0.0007017543859649122,0.05952380952380952,0.00018181818181818183,0.2142857142857143,0.10714285714285714
Dani Ceballos,0.45614035087719296,0.03571428571428571,0.12662337662337664,0.3141025641025641,0.3557692307692308
Alexandre Lacazette,0.006842105263157895,0.19047619047619047,0.00013034759358288773,0.15488215488215487,0.07575757575757576
Pierre-Emerick Aubameyang,0.011052631578947368,0.15476190476190477,0.0001934889434889435,0.1111111111111111,0.07183908045977011
Nicolas PÃ©pÃ©,0.002631578947368421,0.07142857142857142,0.0002005347593582888,0.1616161616161616,0.06060606060606061
Reiss Nelson,0.0008771929824561404,0.0,0.0002622377622377623,0.125,0.075
Eddie Nketiah,0.0029824561403508773,0.0,0.0005795454545454547,0.06521739130434782,0.021739130434782608
Gabriel Martinelli,0.003684210526315789,0.0,0.0011931818181818183,0.23809523809523808,0.05357142857142857
Willian,0.002807017543859649,0.41666666666666663,2.7758501040943795e-05,0.17372881355932204,0.1059322033898305
Tom Heaton,,0.0,0.0,,
Jed Steer,,0.0,0.0,,
Ãrjan Nyland,,0.0,0.0,,
Lovre Kalinic,,0.0,0.0,,
Emiliano MartÃ­nez,,0.0,0.0,,
Neil Taylor,,0.05952380952380952,0.0,0.3057471264367816,0.41551724137931034
Ezri Konsa Ngoyo,,0.023809523809523808,0.0,0.12179487179487178,0.25961538461538464
Matt Targett,,0.07142857142857142,0.0,0.2824074074074074,0.4305555555555556
BjÃ¶rn Engels,,0.0,0.0,0.10784313725490197,0.4117647058823529
FrÃ©dÃ©ric Guilbert,,0.023809523809523808,0.0,0.4933333333333333,0.49
Ahmed El Mohamady,,0.15476190476190477,0.0,0.24316939890710382,0.3360655737704918
Kortney Hause,0.0010526315789473684,0.0,0.00020454545454545457,0.19444444444444445,0.2777777777777778
Tyrone Mings,,0.03571428571428571,0.0,0.09803921568627451,0.24019607843137256
Matthew Cash,,0.0,0.0,0.16666666666666666,0.5
Douglas Luiz,0.0014035087719298245,0.023809523809523808,0.0001330376940133038,0.2072072072072072,0.24324324324324326
John McGinn,0.0017543859649122807,0.03571428571428571,0.00011961722488038279,0.3045977011494253,0.22413793103448276
Henri Lansbury,0.22807017543859648,0.0,0.29545454545454547,0.08974358974358973,0.019230769230769232
Jack Grealish,0.0022807017543859647,0.08333333333333333,8.441558441558443e-05,0.1056338028169014,0.15492957746478872
Marvelous Nakamba,0.5087719298245614,0.0,0.28246753246753253,0.3160919540229885,0.33620689655172414
Conor Hourihane,0.0019298245614035087,0.05952380952380952,0.00025,0.09523809523809523,0.08035714285714286
TrÃ©zÃ©guet,0.0029824561403508773,0.011904761904761904,0.00022290209790209794,0.19047619047619047,0.19285714285714287
Anwar El Ghazi,0.002105263157894737,0.047619047619047616,0.00015734265734265734,0.09803921568627451,0.09558823529411764
Jota,0.17543859649122806,0.011904761904761904,0.11363636363636366,0.049999999999999996,0.075
Jacob Ramsey,0.0,0.0,0.0,,
Wesley,0.004210526315789474,0.011904761904761904,0.00046753246753246754,0.11904761904761904,0.047619047619047616
Keinan Davis,0.3333333333333333,0.0,0.07620320855614975,0.008771929824561403,0.0
Ollie Watkins,0.017543859649122806,0.0,0.022727272727272728,0.0,0.0
Bertrand TraorÃ©,0.0035087719298245615,0.011904761904761904,0.0008021390374331552,0.15,0.05
Mat Ryan,,0.0,0.0,,
Jason Steele,,0.0,0.0,,
Christian Walton,,0.0,0.0,,
Robert SÃ¡nchez,,0.0,0.0,,
Ben White,,0.0,0.0,0.16666666666666666,0.25
Tariq Lamptey,,0.023809523809523808,0.0,0.1818181818181818,0.5227272727272727
Lewis Dunk,,0.05952380952380952,0.0,0.22470238095238096,0.3861607142857143
Adam Webster,,0.011904761904761904,0.0,0.16666666666666666,0.36363636363636365
Bernardo,,0.011904761904761904,0.0,0.41203703703703703,0.2777777777777778
Dan Burn,,0.0,0.0,0.2765151515151515,0.2897727272727273
JoÃ«l Veltman,,0.0,0.0,,
Romaric Yapi,,0.0,0.0,,
Alex Cochrane,,0.0,0.0,,
Haydon Roberts,,0.0,0.0,,
Dale Stephens,0.00017543859649122806,0.05952380952380952,1.3914656771799632e-05,0.43939393939393934,0.4217171717171717
Yves Bissouma,0.0003508771929824561,0.0,2.6737967914438505e-05,0.3685897435897436,0.27403846153846156
Alexis Mac Allister,0.15789473684210525,0.0,0.08766233766233768,0.16666666666666666,0.027777777777777776
Pascal GroÃ,0.0022807017543859647,0.17857142857142855,9.1377694470478e-05,0.18100358422939067,0.09946236559139784
Adam Lallana,0.002631578947368421,0.3333333333333333,3.732581287325813e-05,0.27104377104377103,0.20959595959595959
Solly March,0.0003508771929824561,0.08333333333333333,1.4662756598240471e-05,0.2536231884057971,0.16847826086956522
Davy PrÃ¶pper,0.0003508771929824561,0.08333333333333333,1.704545454545455e-05,0.31166666666666665,0.3775
Steven Alzate,0.3684210526315789,0.0,0.09545454545454546,0.2698412698412698,0.17857142857142858
Max Sanders,0.0,0.0,0.0,,
Jayson Molumby,0.0,0.0,0.0,,
Lars Dendoncker,0.0,0.0,0.0,,
Peter Gwargis,0.0,0.0,0.0,,
Leandro Trossard,0.0031578947368421048,0.047619047619047616,0.0002727272727272728,0.11616161616161616,0.08333333333333333
Neal Maupay,0.00543859649122807,0.047619047619047616,0.0002092709270927093,0.08974358974358973,0.03205128205128205
Alireza Jahanbakhsh,0.0010526315789473684,0.0,0.00012032085561497327,0.2204301075268817,0.11290322580645161
JosÃ© Izquierdo,0.0019298245614035087,0.047619047619047616,0.0001119402985074627,0.13475177304964536,0.11170212765957446
Aaron Connolly,0.002631578947368421,0.011904761904761904,0.0002378435517970402,0.05128205128205128,0.0
Florin Andone,0.002631578947368421,0.0,0.0005113636363636364,0.07051282051282051,0.028846153846153848
Viktor GyÃ¶keres,0.0,0.0,0.0,,
Nick Pope,,0.0,0.0,,
Bailey Peacock-Farrell,,0.0,0.0,,
Will Norris,,0.0,0.0,,
Matthew Lowton,,0.14285714285714285,0.0,0.40213178294573637,0.46075581395348836
Charlie Taylor,,0.023809523809523808,0.0,0.25,0.2905405405405405
James Tarkowski,,0.03571428571428571,0.0,0.27371273712737126,0.33739837398373984
Ben Mee,,0.047619047619047616,0.0,0.24096385542168675,0.39156626506024095
Erik Pieters,,0.13095238095238093,0.0,0.4621993127147766,0.45618556701030927
Phil Bardsley,,0.05952380952380952,0.0,0.40444444444444444,0.3525
Kevin Long,,0.03571428571428571,0.0,0.3,0.24285714285714285
Jimmy Dunne,,0.0,0.0,0.0,0.5
Bobby Thomas,,0.0,0.0,,
Anthony Driscoll-Glennon,,0.0,0.0,,
Jack Cork,0.0005263157894736842,0.10714285714285714,1.4930325149303254e-05,0.29419191919191917,0.3787878787878788
JÃ³hann Gudmundsson,0.0012280701754385965,0.20238095238095238,4.1866028708133976e-05,0.16145833333333331,0.23697916666666666
Josh Brownhill,0.19298245614035087,0.0,0.09375000000000001,0.22727272727272724,0.4318181818181818
Dwight McNeil,0.0014035087719298245,0.14285714285714285,7.272727272727274e-05,0.22677595628415298,0.1762295081967213
Robbie Brady,0.0010526315789473684,0.14285714285714285,2.6392961876832847e-05,0.2828638497652582,0.23943661971830985
Ashley Westwood,0.0007017543859649122,0.2976190476190476,1.9907100199071006e-05,0.25225225225225223,0.3614864864864865
Josh Benson,0.0,0.0,0.0,,
Chris Wood,0.0059649122807017545,0.047619047619047616,0.00013477801268498945,0.04444444444444444,0.016666666666666666
Ashley Barnes,0.0043859649122807015,0.07142857142857142,6.175889328063242e-05,0.110752688172043,0.0532258064516129
Jay Rodriguez,0.004035087719298246,0.14285714285714285,4.148629148629149e-05,0.1441947565543071,0.1151685393258427
Matej Vydra,0.0019298245614035087,0.05952380952380952,0.00020270270270270272,0.029239766081871343,0.021929824561403508
Kepa Arrizabalaga,,0.0,0.0,,
Willy Caballero,,0.0,0.0,,
Antonio RÃ¼diger,,0.011904761904761904,0.0,0.19375,0.225
Marcos Alonso,,0.14285714285714285,0.0,0.3428571428571428,0.38392857142857145
Andreas Christensen,,0.0,0.0,0.21468926553672313,0.3135593220338983
Kurt Zouma,,0.047619047619047616,0.0,0.1864801864801865,0.39335664335664333
Reece James,,0.03571428571428571,0.0,0.2756410256410256,0.25
CÃ©sar Azpilicueta,,0.369047619047619,0.0,0.4424019607843137,0.4365808823529412
Fikayo Tomori,,0.0,0.0,0.3137254901960784,0.35294117647058826
Emerson,,0.011904761904761904,0.0,0.23888888888888887,0.23333333333333334
Ben Chilwell,,0.10714285714285714,0.0,0.2643097643097643,0.29545454545454547
Thiago Silva,,0.0,0.0,,
Juan Castillo,,0.0,0.0,,
Hakim Ziyech,0.0,0.0,0.0,,
Jorginho,0.0017543859649122807,0.03571428571428571,0.0002066115702479339,0.35,0.4642857142857143
N'Golo KantÃ©,0.0010526315789473684,0.11904761904761904,3.40909090909091e-05,0.5421686746987951,0.6325301204819277
Ross Barkley,0.002105263157894737,0.3214285714285714,1.9907100199071002e-05,0.1419141914191419,0.09405940594059406
Ruben Loftus-Cheek,0.002105263157894737,0.07142857142857142,0.00010489510489510491,0.11538461538461538,0.14102564102564102
Mateo Kovacic,0.0003508771929824561,0.05952380952380952,2.7829313543599264e-05,0.28125,0.1171875
Mason Mount,0.0031578947368421048,0.05952380952380952,0.0001534090909090909,0.18376068376068377,0.11538461538461539
Christian Pulisic,0.0063157894736842095,0.047619047619047616,0.00038961038961038966,0.15333333333333332,0.06
Billy Gilmour,0.10526315789473684,0.0,0.40909090909090917,0.1388888888888889,0.125
Kai Havertz,0.03508771929824561,0.0,0.0,0.25,0.0
Timo Werner,0.03508771929824561,0.0,0.022727272727272728,0.08333333333333333,0.375
Tammy Abraham,0.005087719298245613,0.047619047619047616,0.00014866712235133287,0.044117647058823525,0.029411764705882353
Olivier Giroud,0.0063157894736842095,0.3333333333333333,4.479097544790976e-05,0.10154061624649859,0.06722689075630252
Callum Hudson-Odoi,0.0005263157894736842,0.07142857142857142,7.053291536050158e-05,0.0857142857142857,0.05714285714285714
Wayne Hennessey,,0.011904761904761904,0.0,,
Vicente Guaita,,0.0,0.0,,
Stephen Henderson,,0.0,0.0,,
Nathan Ferguson,,0.0,0.0,,
Joel Ward,,0.05952380952380952,0.0,0.40049751243781095,0.4577114427860697
Patrick van Aanholt,,0.16666666666666666,0.0,0.30541012216404884,0.42670157068062825
James Tomkins,,0.08333333333333333,0.0,0.2832699619771863,0.4211026615969582
Scott Dann,,0.13095238095238093,0.0,0.21365638766519823,0.3777533039647577
Mamadou Sakho,,0.023809523809523808,0.0,0.19199999999999998,0.4
Gary Cahill,,0.11904761904761904,0.0,0.20989304812834222,0.30213903743315507
Martin Kelly,,0.05952380952380952,0.0,0.36492374727668847,0.25
Tyrick Mitchell,,0.0,0.0,0.41666666666666663,0.125
Jaroslaw Jach,,0.0,0.0,,
Sam Woods,,0.0,0.0,,
Ryan Inniss,,0.0,0.0,,
Luka Milivojevic,0.0038596491228070173,0.047619047619047616,0.00010416666666666669,0.3636363636363636,0.4690082644628099
Max Meyer,0.0003508771929824561,0.023809523809523808,2.9013539651837528e-05,0.18840579710144925,0.11956521739130435
Cheikhou KouyatÃ©,0.0012280701754385965,0.11904761904761904,2.857920522591182e-05,0.377326565143824,0.3934010152284264
Andros Townsend,0.0017543859649122807,0.26190476190476186,2.03527815468114e-05,0.27883096366508686,0.20971563981042654
Jeffrey Schlupp,,0.09523809523809523,0.0,0.31306306306306303,0.2989864864864865
James McArthur,0.0014035087719298245,0.21428571428571427,2.548853016142736e-05,0.3622931442080378,0.3528368794326241
James McCarthy,0.0008771929824561404,0.14285714285714285,1.9152196118488256e-05,0.43540051679586567,0.40794573643410853
Jairo Riedewald,0.5087719298245614,0.0,0.4943181818181819,0.14367816091954022,0.25
Eberechi Eze,0.03508771929824561,0.0,0.0,0.16666666666666666,0.0
Nya Kirby,0.0,0.0,0.0,,
Jordan Ayew,0.0031578947368421048,0.10714285714285714,5.4304102976669354e-05,0.2709832134292566,0.1366906474820144
Wilfried Zaha,0.0031578947368421048,0.2857142857142857,3.652597402597403e-05,0.2258064516129032,0.14170506912442396
Christian Benteke,0.005614035087719298,0.23809523809523808,4.010695187165776e-05,0.05925925925925926,0.028888888888888888
Connor Wickham,0.002807017543859649,0.08333333333333333,5.772005772005773e-05,0.12916666666666665,0.11041666666666666
Brandon Pierrick,0.03508771929824561,0.0,0.0,0.0,0.0
Michy Batshuayi,0.0038596491228070173,0.03571428571428571,0.00020547945205479456,0.03611111111111111,0.029166666666666667
Jordan Pickford,,0.0,0.0,,
JoÃ£o VirgÃ­nia,,0.0,0.0,,
Jonas LÃ¶ssl,,0.023809523809523808,0.0,,
Mason Holgate,,0.047619047619047616,0.0,0.2897435897435897,0.31153846153846154
Michael Keane,,0.05952380952380952,0.0,0.17102396514161217,0.4068627450980392
Lucas Digne,,0.14285714285714285,0.0,0.3472222222222222,0.3611111111111111
Yerry Mina,,0.011904761904761904,0.0,0.20454545454545453,0.23295454545454544
SÃ©amus Coleman,,0.25,0.0,0.28985507246376807,0.26811594202898553
Jarrad Branthwaite,,0.0,0.0,0.3333333333333333,0.125
Jonjoe Kenny,,0.023809523809523808,0.0,0.3440860215053763,0.3709677419354839
Niels Nkounkou,,0.0,0.0,,
Fabian Delph,0.0007017543859649122,0.09523809523809523,1.8939393939393943e-05,0.35585585585585583,0.3824324324324324
Gylfi Sigurdsson,0.003684210526315789,0.5357142857142857,2.3744911804613297e-05,0.20422535211267603,0.24911971830985916
AndrÃ© Gomes,0.0003508771929824561,0.023809523809523808,5.050505050505051e-05,0.2222222222222222,0.140625
Jean-Philippe Gbamin,0.03508771929824561,0.0,0.0,0.3333333333333333,0.125
Tom Davies,0.0008771929824561404,0.047619047619047616,5.681818181818183e-05,0.20754716981132074,0.2358490566037736
Beni Baningime,0.14035087719298245,0.0,0.0,0.125,0.0625
Allan,0.03508771929824561,0.0,0.13636363636363638,0.75,0.375
James RodrÃ­guez,0.008771929824561403,0.011904761904761904,0.008522727272727274,0.25,0.375
Abdoulaye DoucourÃ©,0.0022807017543859647,0.13095238095238093,4.870129870129871e-05,0.2989821882951654,0.2729007633587786
Muhamed Besic,0.8070175438596491,0.0,0.12062937062937064,0.33695652173913043,0.18478260869565216
Sandro RamÃ­rez,0.14035087719298245,0.0,0.06060606060606061,0.041666666666666664,0.03125
Yannick Bolasie,0.0015789473684210524,0.20238095238095238,2.8019925280199255e-05,0.21148459383753498,0.10084033613445378
Richarlison,0.004912280701754386,0.11904761904761904,6.81818181818182e-05,0.2852852852852853,0.11936936936936937
Dominic Calvert-Lewin,0.004210526315789474,0.10714285714285714,8.391608391608393e-05,0.06034482758620689,0.0625
Theo Walcott,0.0038596491228070173,0.6071428571428571,2.4350649350649354e-05,0.10308285163776493,0.10765895953757225
Cenk Tosun,0.0035087719298245615,0.03571428571428571,0.0001920614596670935,0.0782312925170068,0.030612244897959183
Alex Iwobi,0.0017543859649122807,0.19047619047619047,4.34279096699479e-05,0.13095238095238093,0.0873015873015873
Bernard,0.0012280701754385965,0.05952380952380952,0.0001363636363636364,0.22131147540983603,0.1762295081967213
Moise Kean,0.0010526315789473684,0.023809523809523808,0.00013196480938416425,0.03225806451612903,0.04032258064516129
Anthony Gordon,0.19298245614035087,0.011904761904761904,0.125,0.16666666666666666,0.18181818181818182
Marek RodÃ¡k,,0.0,0.0,,
Fabri,,0.0,0.0,,
Alphonse Areola,,0.0,0.0,,
Michael Hector,,0.0,0.0,0.25,0.0
Denis Odoi,,0.011904761904761904,0.0,0.24747474747474746,0.3409090909090909
Tim Ream,,0.011904761904761904,0.0,0.175,0.40625
Maxime Le Marchand,,0.011904761904761904,0.0,0.3589743589743589,0.5192307692307693
Joe Bryan,,0.011904761904761904,0.0,0.3666666666666667,0.30833333333333335
Antonee Robinson,,0.0,0.0,,
Kenny Tete,,0.011904761904761904,0.0,0.5,1.0
Ola Aina,,0.0,0.0,0.0,0.0
Jean Michael Seri,0.0005263157894736842,0.023809523809523808,0.00010765550239234451,0.21354166666666666,0.25
Kevin McDonald,0.0003508771929824561,0.011904761904761904,7.177033492822967e-05,0.24390243902439024,0.2621951219512195
Neeskens Kebano,,0.0,0.0,0.05555555555555555,0.0
Stefan Johansen,0.21052631578947367,0.0,0.8181818181818183,0.1388888888888889,0.0625
Tom Cairney,0.0008771929824561404,0.011904761904761904,0.00010330578512396695,0.2209302325581395,0.18604651162790697
Josh Onomah,0.2631578947368421,0.0,0.25568181818181823,0.1111111111111111,0.016666666666666666
AndrÃ©-Frank Zambo Anguissa,0.42105263157894735,0.011904761904761904,0.0743801652892562,0.375,0.3854166666666667
Mario Lemina,0.0007017543859649122,0.023809523809523808,5.681818181818183e-05,0.3723404255319148,0.425531914893617
Harrison Reed,0.3333333333333333,0.0,0.21590909090909094,0.3157894736842105,0.34210526315789475
Tyrese Francois,0.0,0.0,0.0,,
Aleksandar Mitrovic,0.005087719298245613,0.08333333333333333,8.946935417523654e-05,0.09282700421940927,0.04113924050632911
Bobby De Cordova-Reid,0.003684210526315789,0.023809523809523808,0.000493730407523511,0.09770114942528735,0.02586206896551724
Ivan Cavaleiro,0.002105263157894737,0.011904761904761904,0.0006293706293706294,0.039999999999999994,0.07
Aboubakar Kamara,0.0035087719298245615,0.0,0.0006198347107438018,0.08888888888888888,0.016666666666666666
Kiko Casilla,,0.0,0.0,,
Elia Caprile,,0.0,0.0,,
Luke Ayling,,0.0,0.0,0.8333333333333333,0.0
Barry Douglas,,0.0,0.0,,
Liam Cooper,,0.0,0.0,0.16666666666666666,0.5
Pascal Struijk,,0.0,0.0,0.6666666666666666,0.75
Leif Davis,,0.0,0.0,,
Robin Koch,,0.0,0.0,0.41666666666666663,0.25
Oliver Casey,,0.0,0.0,,
Charlie Cresswell,,0.0,0.0,,
Robbie Gotts,,0.0,0.0,,
Adam Forshaw,0.6140350877192982,0.011904761904761904,0.08522727272727273,0.2952380952380952,0.2571428571428571
Ezgjan Alioski,0.017543859649122806,0.0,0.06818181818181819,0.16666666666666666,0.25
Stuart Dallas,0.03508771929824561,0.0,0.0,1.0,0.5
Pablo HernÃ¡ndez,0.0015789473684210524,0.15476190476190477,7.867132867132867e-05,0.16091954022988506,0.23275862068965517
Kalvin Phillips,0.03508771929824561,0.011904761904761904,0.13636363636363638,0.6666666666666666,0.5
Mateusz Klich,0.017543859649122806,0.011904761904761904,0.034090909090909095,0.5,0.5
Jamie Shackleton,0.017543859649122806,0.0,0.0,0.16666666666666666,0.0
Jack Harrison,0.008771929824561403,0.0,0.011363636363636364,0.25,0.25
Alfie McCalmont,0.0,0.0,0.0,,
Mateusz Bogusz,0.0,0.0,0.0,,
Ian Poveda-Ocampo,0.0,0.0,0.0,,
Patrick Bamford,0.0017543859649122807,0.011904761904761904,0.00034090909090909094,0.08045977011494253,0.05172413793103448
Tyler Roberts,0.05263157894736842,0.0,0.10227272727272729,0.05555555555555555,0.0
Joe Gelhardt,0.0,0.0,0.0,,
Rodrigo Moreno,0.0008771929824561404,0.011904761904761904,0.00017045454545454547,0.13157894736842105,0.15789473684210525
Kasper Schmeichel,,0.0,0.0,,
Danny Ward,,0.0,0.0,,
Eldin Jakupovic,,0.0,0.0,,
James Justin,,0.011904761904761904,0.0,0.43333333333333335,0.25
Ãaglar SÃ¶yÃ¼ncÃ¼,,0.011904761904761904,0.0,0.2738095238095238,0.30952380952380953
Wes Morgan,,0.023809523809523808,0.0,0.1984126984126984,0.46577380952380953
Jonny Evans,,0.10714285714285714,0.0,0.2564534231200898,0.49242424242424243
Filip Benkovic,,0.0,0.0,,
Daniel Amartey,,0.011904761904761904,0.0,0.24637681159420288,0.2717391304347826
Ricardo Pereira,,0.09523809523809523,0.0,0.626984126984127,0.43253968253968256
Christian Fuchs,,0.10714285714285714,0.0,0.397196261682243,0.5794392523364486
Luke Thomas,,0.011904761904761904,0.0,0.05555555555555555,0.25
Timothy Castagne,,0.011904761904761904,0.0,0.3333333333333333,0.375
Demarai Gray,0.0014035087719298245,0.10714285714285714,3.9525691699604744e-05,0.09595959595959597,0.07386363636363637
Youri Tielemans,0.002105263157894737,0.11904761904761904,9.193054136874363e-05,0.22756410256410256,0.15384615384615385
James Maddison,0.003333333333333333,0.11904761904761904,8.2513028372901e-05,0.2584541062801932,0.07608695652173914
Marc Albrighton,0.0012280701754385965,0.44047619047619047,2.1694214876033063e-05,0.27454780361757103,0.25290697674418605
Harvey Barnes,0.002456140350877193,0.13095238095238093,8.522727272727273e-05,0.08187134502923976,0.04824561403508772
Hamza Choudhury,0.0005263157894736842,0.023809523809523808,0.00015734265734265734,0.2252252252252252,0.31756756756756754
Matty James,0.7368421052631579,0.011904761904761904,0.07535885167464117,0.24206349206349204,0.39880952380952384
Adrien Silva,0.24561403508771928,0.011904761904761904,0.08677685950413225,0.2857142857142857,0.26785714285714285
Wilfred Ndidi,0.0008771929824561404,0.05952380952380952,2.228163992869876e-05,0.6584699453551912,0.5184426229508197
Dennis Praet,0.0012280701754385965,0.03571428571428571,0.00022727272727272733,0.21264367816091956,0.1724137931034483
Rachid Ghezzal,0.0008771929824561404,0.0,0.0001794258373205742,0.12280701754385964,0.09210526315789473
Nampalys Mendy,0.7719298245614035,0.0,1.0,0.17045454545454544,0.21022727272727273
Cengiz Ãnder,0.0,0.0,0.0,,
Jamie Vardy,0.008596491228070175,0.34523809523809523,7.294561333862644e-05,0.09702660406885757,0.06924882629107981
Islam Slimani,0.003684210526315789,0.05952380952380952,0.00034090909090909094,0.059829059829059825,0.02564102564102564
Kelechi Iheanacho,0.0031578947368421048,0.15476190476190477,9.227614490772386e-05,0.05413105413105413,0.023504273504273504
Ayoze PÃ©rez,0.004035087719298246,0.15476190476190477,5.7024793388429764e-05,0.2247191011235955,0.19241573033707865
Fousseni DiabatÃ©,0.2631578947368421,0.011904761904761904,0.17045454545454547,0.1222222222222222,0.13333333333333333
Loris Karius,,0.0,0.0,,
Alisson,,0.011904761904761904,0.0,,
AdriÃ¡n,,0.0,0.0,,
Caoimhin Kelleher,,0.0,0.0,,
Kamil Grabara,,0.0,0.0,,
Virgil van Dijk,,0.03571428571428571,0.0,0.19287211740041926,0.4371069182389937
Joseph Gomez,,0.03571428571428571,0.0,0.2534246575342466,0.3424657534246575
Andrew Robertson,,0.39285714285714285,0.0,0.2941176470588235,0.31209150326797386
Joel Matip,,0.0,0.0,0.2596899224806202,0.3633720930232558
Trent Alexander-Arnold,,0.30952380952380953,0.0,0.2771929824561403,0.3
Neco Williams,,0.0,0.0,0.1388888888888889,0.375
Konstantinos Tsimikas,,0.0,0.0,,
Nathaniel Phillips,,0.0,0.0,,
Sepp van den Berg,,0.0,0.0,,
Fabinho,0.0008771929824561404,0.05952380952380952,0.00011755485893416931,0.3620689655172414,0.28879310344827586
Georginio Wijnaldum,0.002456140350877193,0.19047619047619047,4.261363636363637e-05,0.1841620626151013,0.16160220994475138
James Milner,0.0017543859649122807,1.0,1.3746334310850442e-05,0.24829931972789115,0.20269016697588127
Naby Keita,0.0015789473684210524,0.047619047619047616,0.0001534090909090909,0.25555555555555554,0.1388888888888889
Jordan Henderson,0.0015789473684210524,0.5476190476190476,1.7838266384778013e-05,0.3279727095516569,0.3194444444444444
Alex Oxlade-Chamberlain,0.0014035087719298245,0.26190476190476186,2.3014959723820486e-05,0.15986394557823128,0.16964285714285715
Marko Grujic,0.14035087719298245,0.0,0.13636363636363638,0.0625,0.0
Curtis Jones,0.002456140350877193,0.0,0.0015909090909090912,0.09523809523809523,0.07142857142857142
Harry Wilson,0.004035087719298246,0.0,0.00028003246753246754,0.12365591397849462,0.08870967741935484
Harvey Elliott,0.07017543859649122,0.0,0.27272727272727276,0.0,0.0
Xherdan Shaqiri,0.003333333333333333,0.21428571428571427,6.927564414195431e-05,0.10144927536231885,0.09347826086956522
Thiago,0.017543859649122806,0.0,0.06818181818181819,0.16666666666666666,0.25
Roberto Firmino,0.005614035087719298,0.42857142857142855,5.145797598627788e-05,0.243879472693032,0.10310734463276836
Sadio ManÃ©,0.007719298245614035,0.34523809523809523,6.741573033707866e-05,0.1921768707482993,0.12372448979591837
Mohamed Salah,0.011052631578947368,0.34523809523809523,9.56671390969832e-05,0.07859078590785908,0.0508130081300813
Takumi Minamino,0.19298245614035087,0.0,0.09375000000000001,0.04545454545454545,0.0
Rhian Brewster,0.0,0.0,0.0,,
Divock Origi,0.003684210526315789,0.07142857142857142,0.00016087844739530132,0.06227106227106227,0.019230769230769232
Ben Woodburn,0.10526315789473684,0.0,0.20454545454545459,0.1111111111111111,0.0
Diogo Jota,0.004210526315789474,0.07142857142857142,0.0001288475304223336,0.13930348258706465,0.08208955223880597
Ederson,,0.011904761904761904,0.0,,
Scott Carson,,0.023809523809523808,0.0,,
Zack Steffen,,0.0,0.0,,
Nathan AkÃ©,,0.07142857142857142,0.0,0.2891156462585034,0.35034013605442177
Kyle Walker,,0.34523809523809523,0.0,0.341296928327645,0.4249146757679181
John Stones,,0.0,0.0,0.18404907975460122,0.2929447852760736
Oleksandr Zinchenko,0.7192982456140351,0.03571428571428571,0.09983766233766235,0.35772357723577236,0.2621951219512195
Aymeric Laporte,,0.03571428571428571,0.0,0.17796610169491525,0.2966101694915254
Benjamin Mendy,,0.09523809523809523,0.0,0.18018018018018017,0.23648648648648649
JoÃ£o Cancelo,,0.0,0.0,0.39215686274509803,0.3088235294117647
NicolÃ¡s Otamendi,,0.011904761904761904,0.0,0.32965686274509803,0.5257352941176471
Eric GarcÃ­a,,0.0,0.0,0.07692307692307693,0.34615384615384615
Patrick Roberts,0.10526315789473684,0.0,0.0,0.027777777777777776,0.0
Ilkay GÃ¼ndogan,0.002631578947368421,0.07142857142857142,8.052970651395849e-05,0.13562091503267973,0.20588235294117646
Rodrigo,0.0014035087719298245,0.023809523809523808,0.0002181818181818182,0.24537037037037038,0.1875
Kevin De Bruyne,0.004210526315789474,0.7976190476190476,4.4587565023532334e-05,0.22863247863247863,0.14102564102564102
Bernardo Silva,0.0031578947368421048,0.21428571428571427,8.829300196206672e-05,0.18253968253968256,0.14047619047619048
Fernandinho,0.0014035087719298245,0.19047619047619047,2.5136154168412236e-05,0.4066666666666666,0.39222222222222225
Phil Foden,0.0029824561403508773,0.03571428571428571,0.00023181818181818186,0.0992063492063492,0.05952380952380952
Tommy Doyle,0.017543859649122806,0.0,0.06818181818181819,0.0,0.0
AdriÃ¡n BernabÃ©,0.0,0.0,0.0,,
Ferran Torres,0.017543859649122806,0.0,0.0,0.0,0.0
Raheem Sterling,0.005789473684210527,0.5357142857142857,4.128440366972478e-05,0.1641025641025641,0.1201923076923077
Gabriel Jesus,0.00719298245614035,0.20238095238095238,0.00012314777733279936,0.09061488673139158,0.06067961165048544
Sergio AgÃ¼ero,0.011929824561403509,0.5476190476190476,4.654983570646222e-05,0.09505703422053231,0.06939163498098859
Riyad Mahrez,0.005087719298245613,0.47619047619047616,4.641485275288092e-05,0.17671691792294808,0.1771356783919598
Liam Delap,0.0,0.0,0.0,,
David de Gea,,0.0,0.0,,
Lee Grant,,0.0,0.0,,
Sergio Romero,,0.0,0.0,,
Dean Henderson,,0.0,0.0,,
Victor LindelÃ¶f,,0.011904761904761904,0.0,0.17269076305220882,0.1897590361445783
Eric Bailly,,0.0,0.0,0.2839506172839506,0.4722222222222222
Phil Jones,,0.07142857142857142,0.0,0.3283333333333333,0.505
Harry Maguire,,0.08333333333333333,0.0,0.22738095238095238,0.4160714285714286
Chris Smalling,,0.023809523809523808,0.0,0.21537290715372906,0.410958904109589
Marcos Rojo,,0.011904761904761904,0.0,0.3070175438596491,0.4276315789473684
Diogo Dalot,,0.023809523809523808,0.0,0.225,0.15
Luke Shaw,,0.08333333333333333,0.0,0.291932059447983,0.2659235668789809
Timothy Fosu-Mensah,,0.011904761904761904,0.0,0.27210884353741494,0.33163265306122447
Aaron Wan-Bissaka,,0.08333333333333333,0.0,0.6212121212121211,0.5357142857142857
Axel Tuanzebe,,0.0,0.0,0.18333333333333335,0.3
Brandon Williams,,0.0,0.0,0.20588235294117646,0.23529411764705882
Teden Mengi,,0.0,0.0,,
Paul Pogba,0.0038596491228070173,0.30952380952380953,4.983388704318937e-05,0.23363095238095236,0.18526785714285715
Juan Mata,0.003333333333333333,0.6190476190476191,3.578603716725264e-05,0.12468193384223919,0.12595419847328243
Jesse Lingard,0.002456140350877193,0.11904761904761904,5.362614913176712e-05,0.16290726817042606,0.09774436090225563
Andreas Pereira,0.0007017543859649122,0.047619047619047616,6.060606060606062e-05,0.1259259259259259,0.1111111111111111
Fred,0.0003508771929824561,0.011904761904761904,2.392344497607656e-05,0.322463768115942,0.29347826086956524
Bruno Fernandes,0.009298245614035089,0.08333333333333333,0.0007688588007736945,0.26666666666666666,0.18333333333333332
Daniel James,0.0015789473684210524,0.07142857142857142,0.0001427061310782241,0.10784313725490197,0.051470588235294115
Nemanja Matic,0.0005263157894736842,0.22619047619047616,1.526458616010855e-05,0.3934294871794871,0.4050480769230769
Scott McTominay,0.0017543859649122807,0.011904761904761904,0.00014204545454545457,0.19491525423728812,0.2627118644067797
Donny van de Beek,0.017543859649122806,0.0,0.06818181818181819,0.16666666666666666,0.0
Anthony Martial,0.006140350877192982,0.2738095238095238,8.904341926729987e-05,0.08789954337899543,0.04965753424657534
Marcus Rashford,0.00543859649122807,0.25,7.02204771972214e-05,0.08624708624708624,0.06118881118881119
Odion Ighalo,0.004210526315789474,0.047619047619047616,0.00010695187165775402,0.09701492537313433,0.06716417910447761
Mason Greenwood,0.005087719298245613,0.011904761904761904,0.0004035250463821893,0.09523809523809523,0.04285714285714286
Mark Gillespie,,0.0,0.0,,
Martin Dubravka,,0.0,0.0,,
Karl Darlow,,0.0,0.0,,
Daniel Langley,,0.0,0.0,,
Ciaran Clark,,0.05952380952380952,0.0,0.2849162011173184,0.4245810055865922
Paul Dummett,,0.0,0.0,0.28125,0.345703125
Fabian SchÃ¤r,,0.011904761904761904,0.0,0.35869565217391297,0.6195652173913043
Jamaal Lascelles,,0.011904761904761904,0.0,0.13761467889908258,0.28211009174311924
Emil Krafth,,0.011904761904761904,0.0,0.1764705882352941,0.11764705882352941
Federico FernÃ¡ndez,,0.08333333333333333,0.0,0.24901960784313726,0.4485294117647059
Javier Manquillo,,0.05952380952380952,0.0,0.30978260869565216,0.2717391304347826
DeAndre Yedlin,,0.05952380952380952,0.0,0.273462783171521,0.25970873786407767
Jamal Lewis,,0.0,0.0,0.2944444444444444,0.225
Jacob Murphy,0.0005263157894736842,0.023809523809523808,8.522727272727273e-05,0.09313725490196079,0.051470588235294115
Jonjo Shelvey,0.0015789473684210524,0.2738095238095238,1.6407389402041808e-05,0.20232558139534884,0.2302325581395349
Matt Ritchie,0.0015789473684210524,0.23809523809523808,2.978817299205649e-05,0.2513020833333333,0.29296875
Isaac Hayden,0.0007017543859649122,0.07142857142857142,4.9586776859504144e-05,0.3475609756097561,0.3170731707317073
Miguel AlmirÃ³n,0.0014035087719298245,0.03571428571428571,7.177033492822967e-05,0.28125,0.203125
Christian Atsu,0.0007017543859649122,0.07142857142857142,3.7878787878787886e-05,0.10833333333333334,0.08125
Sean Longstaff,0.0010526315789473684,0.011904761904761904,0.00012396694214876036,0.2626262626262626,0.2196969696969697
Matthew Longstaff,0.0038596491228070173,0.0,0.0037500000000000003,0.05555555555555555,0.1388888888888889
Jeff Hendrick,0.0014035087719298245,0.07142857142857142,5.509641873278238e-05,0.12231182795698925,0.16129032258064516
Ryan Fraser,0.0022807017543859647,0.30952380952380953,6.714876033057853e-05,0.07851239669421486,0.1384297520661157
Henri Saivet,0.0035087719298245615,0.0,0.01363636363636364,0.6,0.45
Daniel Barlaser,0.0,0.0,0.0,,
Andy Carroll,0.004035087719298246,0.26190476190476186,2.936670071501533e-05,0.07399425287356322,0.07974137931034483
Joelinton,0.0008771929824561404,0.023809523809523808,6.684491978609626e-05,0.15,0.06875
Allan Saint-Maximin,0.0019298245614035087,0.047619047619047616,0.0001595744680851064,0.08928571428571427,0.08035714285714286
Dwight Gayle,0.003684210526315789,0.07142857142857142,8.948863636363637e-05,0.08543417366946778,0.0546218487394958
Callum Wilson,0.005789473684210527,0.14285714285714285,9.955752212389383e-05,0.053385416666666664,0.037109375
Wes Foderingham,,0.0,0.0,,
Michael Verrips,,0.0,0.0,,
Simon Moore,,0.0,0.0,,
Aaron Ramsdale,,0.011904761904761904,0.0,,
George Baldock,,0.03571428571428571,0.0,0.26666666666666666,0.225
Enda Stevens,,0.047619047619047616,0.0,0.3475177304964539,0.2553191489361702
Jack O'Connell,,0.011904761904761904,0.0,0.12380952380952381,0.3142857142857143
Chris Basham,,0.03571428571428571,0.0,0.3442622950819672,0.38114754098360654
John Egan,,0.0,0.0,0.20175438596491227,0.3815789473684211
Jack Robinson,,0.0,0.0,0.25925925925925924,0.2777777777777778
Kean Bryan,,0.0,0.0,,
Phil Jagielka,,0.10714285714285714,0.0,0.32012750455373407,0.42213114754098363
Max Lowe,,0.0,0.0,,
Ethan Ampadu,,0.0,0.0,0.16666666666666666,0.0
Jayden Bogle,,0.0,0.0,,
John Fleck,0.002807017543859649,0.023809523809523808,0.00034090909090909094,0.203125,0.203125
John Lundstram,0.002456140350877193,0.03571428571428571,0.0002169421487603306,0.2175925925925926,0.2361111111111111
Oliver Norwood,0.0005263157894736842,0.011904761904761904,0.00012032085561497327,0.28205128205128205,0.3141025641025641
Ben Osborn,0.24561403508771928,0.0,0.31818181818181823,0.17857142857142855,0.10714285714285714
Sander Berge,0.0010526315789473684,0.011904761904761904,0.0005844155844155845,0.25,0.171875
Jack Rodwell,0.0010526315789473684,0.047619047619047616,1.948051948051948e-05,0.2115768463073852,0.1691616766467066
Regan Slater,0.0,0.0,0.0,,
Oliver Burke,0.2807017543859649,0.023809523809523808,0.27272727272727276,0.0625,0.109375
Zak Brunt,0.0,0.0,0.0,,
Oliver McBurnie,0.0019298245614035087,0.011904761904761904,0.000125,0.1388888888888889,0.0787037037037037
Billy Sharp,0.0019298245614035087,0.023809523809523808,0.00044117647058823536,0.041666666666666664,0.008928571428571428
David McGoldrick,0.0012280701754385965,0.023809523809523808,0.00010154738878143135,0.22777777777777777,0.025
Lys Mousset,0.0017543859649122807,0.047619047619047616,8.417508417508418e-05,0.04734848484848485,0.022727272727272728
Alex McCarthy,,0.0,0.0,,
Angus Gunn,,0.0,0.0,,
Fraser Forster,,0.0,0.0,,
Harry Lewis,,0.0,0.0,,
Jannik Vestergaard,,0.0,0.0,0.28682170542635654,0.36046511627906974
Jack Stephens,,0.047619047619047616,0.0,0.2204301075268817,0.3655913978494624
Ryan Bertrand,,0.17857142857142855,0.0,0.24386724386724384,0.3582251082251082
Jake Vokins,,0.0,0.0,0.3333333333333333,0.0
Jan Bednarek,,0.023809523809523808,0.0,0.28535353535353536,0.5833333333333334
Yan Valery,,0.011904761904761904,0.0,0.30392156862745096,0.25735294117647056
Kyle Walker-Peters,,0.07142857142857142,0.0,0.2847222222222222,0.2916666666666667
Mohammed Salisu,,0.0,0.0,,
Moussa Djenepo,0.0017543859649122807,0.023809523809523808,0.0003099173553719009,0.2333333333333333,0.125
Oriol Romeu,0.0003508771929824561,0.0,1.2067578439259858e-05,0.42896174863387976,0.44808743169398907
James Ward-Prowse,0.0015789473684210524,0.26190476190476186,2.4644030668127058e-05,0.18741058655221746,0.2017167381974249
Stuart Armstrong,0.0022807017543859647,0.05952380952380952,0.00011219792865362487,0.16944444444444443,0.09583333333333334
Sofiane Boufal,0.0007017543859649122,0.047619047619047616,3.735990037359901e-05,0.21666666666666667,0.05357142857142857
Nathan Redmond,0.002105263157894737,0.21428571428571427,2.141837220371252e-05,0.20272435897435895,0.13581730769230768
William Smallbone,0.19298245614035087,0.023809523809523808,0.125,0.19696969696969696,0.06818181818181818
Nathan Tella,0.03508771929824561,0.0,0.06818181818181819,0.0,0.0
Shane Long,0.0029824561403508773,0.2738095238095238,2.8761561019625543e-05,0.11904761904761904,0.09704968944099379
Danny Ings,0.007017543859649123,0.10714285714285714,0.000101763907734057,0.15634218289085544,0.08185840707964602
Che Adams,0.002105263157894737,0.023809523809523808,0.00019955654101995568,0.03125,0.015625
Michael Obafemi,0.002456140350877193,0.03571428571428571,0.0004772727272727274,0.047619047619047616,0.0625
Hugo Lloris,,0.0,0.0,,
Paulo Gazzaniga,,0.0,0.0,,
Joe Hart,,0.011904761904761904,0.0,,
Alfie Whiteman,,0.0,0.0,,
Brandon Austin,,0.0,0.0,,
Toby Alderweireld,,0.047619047619047616,0.0,0.21401515151515152,0.2599431818181818
Davinson SÃ¡nchez,,0.011904761904761904,0.0,0.24206349206349204,0.30357142857142855
Juan Foyth,,0.0,0.0,0.3958333333333333,0.171875
Serge Aurier,,0.10714285714285714,0.0,0.46551724137931033,0.36637931034482757
Ben Davies,,0.17857142857142855,0.0,0.3233830845771144,0.3271144278606965
Japhet Tanganga,,0.0,0.0,0.4722222222222222,0.4583333333333333
Matt Doherty,,0.09523809523809523,0.0,0.27705627705627706,0.3344155844155844
Dennis Cirkin,,0.0,0.0,,
Cameron Carter-Vickers,,0.0,0.0,,
Sergio ReguilÃ³n,,0.0,0.0,,
Harry Winks,0.0003508771929824561,0.023809523809523808,4.261363636363637e-05,0.15277777777777776,0.19010416666666666
Erik Lamela,0.0017543859649122807,0.2738095238095238,3.35871025526198e-05,0.26559139784946234,0.16612903225806452
Eric Dier,0.0010526315789473684,0.09523809523809523,3.5885167464114834e-05,0.2708333333333333,0.3650568181818182
Moussa Sissoko,0.0010526315789473684,0.2857142857142857,1.8939393939393943e-05,0.19858156028368792,0.17340425531914894
Ryan Sessegnon,0.0008771929824561404,0.07142857142857142,0.00011755485893416931,0.11788617886178861,0.13414634146341464
Dele Alli,0.005614035087719298,0.39285714285714285,6.839555428897123e-05,0.2515923566878981,0.20222929936305734
Tanguy Ndombele,0.0015789473684210524,0.023809523809523808,0.0006818181818181819,0.17391304347826086,0.15217391304347827
Gedson Fernandes,0.12280701754385964,0.0,0.47727272727272735,0.047619047619047616,0.03571428571428571
Pierre-Emile HÃ¸jbjerg,0.0007017543859649122,0.047619047619047616,1.9071837253655438e-05,0.36786786786786785,0.39864864864864863
Harvey White,0.0,0.0,0.0,,
Giovani Lo Celso,0.5087719298245614,0.023809523809523808,0.10406698564593303,0.29310344827586204,0.07758620689655173
Lucas Moura,0.003333333333333333,0.05952380952380952,0.00011994949494949496,0.21111111111111108,0.14
Jack Clarke,0.0,0.0,0.0,,
Son Heung-Min,0.006140350877192982,0.34523809523809523,6.741140215716488e-05,0.11316872427983539,0.08796296296296297
Harry Kane,0.011929824561403509,0.2857142857142857,5.92128178335075e-05,0.10927672955974843,0.0695754716981132
Steven Bergwijn,0.003333333333333333,0.011904761904761904,0.0014393939393939396,0.10416666666666666,0.015625
Gareth Bale,0.005087719298245613,0.23809523809523808,4.545454545454546e-05,0.2511415525114155,0.410958904109589
Sam Johnstone,,0.0,0.0,,
David Button,,0.0,0.0,,
Jonathan Bond,,0.0,0.0,,
Darnell Furlong,,0.0,0.0,0.09999999999999999,0.45
Kieran Gibbs,,0.10714285714285714,0.0,0.32170542635658916,0.44622093023255816
Kyle Bartley,,0.0,0.0,0.23188405797101447,0.2826086956521739
Semi Ajayi,,0.0,0.0,0.0,0.25
Conor Townsend,,0.0,0.0,,
Ahmed Hegazi,,0.0,0.0,0.2543859649122807,0.39473684210526316
Dara O'Shea,,0.0,0.0,0.6666666666666666,0.125
CÃ©dric KiprÃ©,,0.0,0.0,,
Lee Peltier,,0.0,0.0,0.32499999999999996,0.225
Branislav Ivanovic,,0.23809523809523808,0.0,0.3371647509578544,0.3764367816091954
Jake Livermore,0.0007017543859649122,0.10714285714285714,2.11416490486258e-05,0.3361111111111111,0.31527777777777777
Matt Phillips,0.0015789473684210524,0.26190476190476186,4.090909090909091e-05,0.1515151515151515,0.1590909090909091
Kamil Grosicki,0.2631578947368421,0.047619047619047616,0.04261363636363637,0.04444444444444444,0.13333333333333333
Rekeem Harper,0.03508771929824561,0.0,0.0,0.08333333333333333,0.125
Romaine Sawyers,0.03508771929824561,0.0,0.0,0.16666666666666666,0.25
Sam Field,0.0008771929824561404,0.0,0.0005681818181818183,0.175,0.1875
Kyle Edwards,0.03508771929824561,0.0,0.13636363636363638,0.16666666666666666,0.0
Grady Diangana,0.0008771929824561404,0.011904761904761904,0.0002622377622377623,0.20175438596491227,0.05263157894736842
Conor Gallagher,0.0,0.0,0.0,,
Hal Robson-Kanu,0.002807017543859649,0.03571428571428571,0.00014943960149439603,0.04605263157894737,0.09539473684210527
Kenneth Zohore,0.0008771929824561404,0.011904761904761904,0.0002005347593582888,0.02631578947368421,0.02631578947368421
Matheus Pereira,0.008771929824561403,0.011904761904761904,0.008522727272727274,0.08333333333333333,0.375
Charlie Austin,0.005614035087719298,0.09523809523809523,8.556149732620323e-05,0.09748427672955974,0.04009433962264151
Callum Robinson,0.0008771929824561404,0.011904761904761904,0.00024350649350649356,0.053030303030303025,0.07954545454545454
Jamie Soule,0.0,0.0,0.0,,
Lukasz Fabianski,,0.023809523809523808,0.0,,
David Martin,,0.0,0.0,,
Darren Randolph,,0.0,0.0,,
Nathan Trott,,0.0,0.0,,
Aaron Cresswell,,0.21428571428571427,0.0,0.18596491228070172,0.3026315789473684
FabiÃ¡n Balbuena,,0.0,0.0,0.2375,0.49375
GonÃ§alo Cardoso,,0.0,0.0,,
Angelo Ogbonna,,0.011904761904761904,0.0,0.20802919708029194,0.3795620437956204
Issa Diop,,0.011904761904761904,0.0,0.24129353233830844,0.4253731343283582
Ryan Fredericks,,0.047619047619047616,0.0,0.46212121212121215,0.23295454545454544
Arthur Masuaku,,0.07142857142857142,0.0,0.40329218106995884,0.3148148148148148
Ben Johnson,0.07017543859649122,0.0,0.27272727272727276,0.375,0.25
Ajibola Alese,,0.0,0.0,,
Harrison Ashby,,0.0,0.0,,
Felipe Anderson,0.002807017543859649,0.09523809523809523,0.0001346801346801347,0.35978835978835977,0.25
Manuel Lanzini,0.002807017543859649,0.15476190476190477,5.594405594405596e-05,0.16803278688524587,0.24180327868852458
Robert Snodgrass,0.002807017543859649,0.2738095238095238,4.363636363636364e-05,0.27604166666666663,0.165625
Mark Noble,0.002105263157894737,0.41666666666666663,2.4644030668127058e-05,0.3742384682332463,0.36945169712793735
Pablo Fornals,0.0008771929824561404,0.05952380952380952,9.213759213759215e-05,0.20614035087719298,0.17105263157894737
Jack Wilshere,0.0007017543859649122,0.21428571428571427,1.9480519480519483e-05,0.1987179487179487,0.21016483516483517
Declan Rice,0.0005263157894736842,0.03571428571428571,3.466872110939908e-05,0.4191419141914191,0.39603960396039606
Josh Cullen,0.05263157894736842,0.0,0.0,0.0,0.16666666666666666
Conor Coventry,0.0,0.0,0.0,,
Michail Antonio,0.004736842105263158,0.16666666666666666,5.996446550192479e-05,0.14814814814814814,0.23333333333333334
Andriy Yarmolenko,0.003684210526315789,0.011904761904761904,0.00037679425837320576,0.08823529411764705,0.058823529411764705
Jarrod Bowen,0.0008771929824561404,0.047619047619047616,0.00010653409090909093,0.1818181818181818,0.2159090909090909
SÃ©bastien Haller,0.003684210526315789,0.011904761904761904,0.0002468652037617555,0.10784313725490197,0.058823529411764705
Xande Silva,0.017543859649122806,0.0,0.034090909090909095,0.0,0.0
Emmanuel Longelo,0.0,0.0,0.0,,
Rui PatrÃ­cio,,0.0,0.0,,
John Ruddy,,0.0,0.0,,
Willy Boly,,0.011904761904761904,0.0,0.4083333333333333,0.48333333333333334
Conor Coady,,0.0,0.0,0.14978902953586498,0.1962025316455696
Jonny,,0.03571428571428571,0.0,0.41666666666666663,0.41544117647058826
RÃºben Vinagre,,0.0,0.0,0.19607843137254902,0.19117647058823528
Maximilian Kilman,,0.0,0.0,0.16666666666666666,0.25
Oskar Buur,,0.0,0.0,0.0,0.0
MarÃ§al,,0.0,0.0,0.16666666666666666,0.25
Ki-Jana Hoever,,0.0,0.0,,
RÃºben Neves,0.0014035087719298245,0.05952380952380952,3.981420039814201e-05,0.3088888888888889,0.43666666666666665
Daniel Podence,0.0015789473684210524,0.023809523809523808,0.0005113636363636364,0.10606060606060605,0.045454545454545456
Romain SaÃ¯ss,0.0015789473684210524,0.011904761904761904,0.00016148325358851675,0.2993827160493827,0.4027777777777778
JoÃ£o Moutinho,0.0005263157894736842,0.16666666666666666,5.113636363636364e-05,0.44871794871794873,0.2916666666666667
Leander Dendoncker,0.0017543859649122807,0.0,0.0001842751842751843,0.3502824858757062,0.2584745762711864
Vitinha,0.017543859649122806,0.0,0.0,0.0,0.0
Meritan Shabani,0.0,0.0,0.0,,
Pedro Neto,0.0017543859649122807,0.047619047619047616,0.0003588516746411484,0.05913978494623656,0.07258064516129033
RaÃºl JimÃ©nez,0.00719298245614035,0.15476190476190477,0.00011795166858457999,0.10897435897435898,0.13782051282051283
Adama TraorÃ©,0.0008771929824561404,0.14285714285714285,4.370629370629371e-05,0.1365079365079365,0.06428571428571428
FÃ¡bio Silva,0.017543859649122806,0.0,0.0,0.0,0.0
Leonardo Campana,0.0,0.0,0.0,,
